title,title_type,link,parent_topic_name,sub_topic_name
The Lost Secret of Immortality,videos,/video/lost-secret-immortality,"Health & Healing, Spiritual Growth, Hidden History","Aging / Longevity, World Religions, Our Origins"
In the Beginning There Was Light,videos,/video/beginning-there-was-light,Health & Healing,Aging / Longevity
Telomeres: The Fountain of Youth,videos,/video/telomeres-fountain-youth,Health & Healing,Aging / Longevity
Less Stress for Longevity,videos,/video/less-stress-longevity,Health & Healing,Aging / Longevity
Healing Matrix,series,/series/healing-matrix,Health & Healing,Aging / Longevity
Longevity Now Recipes,series,/series/longevity-now-recipes,"Health & Healing, Health & Healing","Aging / Longevity, Recipes"
Healing the Mind,videos,/video/healing-mind,"Health & Healing, Spiritual Growth","Ayurveda, Emotional Healing"
Ayurveda for Weight Loss,videos,/video/ayurveda-weight-loss,Health & Healing,Ayurveda
Basics of Ayurveda,videos,/video/basics-ayurveda,Health & Healing,Ayurveda
Ayurveda for Detox,videos,/video/ayurveda-detox,Health & Healing,Ayurveda
Ayurveda for Stress Relief,videos,/video/ayurveda-stress-relief,"Health & Healing, Health & Healing","Ayurveda, Stress Relief"
Thrive: Self-Healing with Ayurveda,series,/series/thrive-self-healing-ayurveda,Health & Healing,Ayurveda
Ayurveda Action Plan,series,/series/ayurveda-action-plan,Health & Healing,Ayurveda
Eat Like You Love Yourself with Chara Caruthers,series,/series/eat-you-love-yourself-chara-caruthers,"Health & Healing, Health & Healing","Ayurveda, Recipes"
Our Common Roots,series,/series/our-common-roots,"Health & Healing, Expanded Consciousness","Ayurveda, Plant Medicine"
Ayurveda Exploration,series,/series/ayurveda-exploration,Health & Healing,Ayurveda
Morning BreathWork with James Colquhoun,videos,/video/morning-breathwork-james-colquhoun,Health & Healing,Breathing
Pranayama & Meditation,videos,/video/pranayama-meditation,"Health & Healing, Meditation","Breathing, Breathwork"
Introduction to Breath Meditation,videos,/video/introduction-breath-meditation,"Health & Healing, Meditation","Breathing, Breathwork"
Flowing Breath Meditation for Stress Release,videos,/video/flowing-breath-meditation-stress-release,"Health & Healing, Meditation","Breathing, Breathwork"
Energetic Armor: Audio Meditation,videos,/video/energetic-armor-audio-meditation,"Health & Healing, Meditation","Breathing, Breathwork"
Surge of Whole Energy Breathing Practice,videos,/video/surge-whole-energy-breathing-practice,"Health & Healing, Meditation","Breathing, Breathwork"
Give Breath a Chance,videos,/video/give-breath-chance,Health & Healing,Breathing
Breath Alchemy,videos,/video/breath-alchemy,Health & Healing,Breathing
Inner Strength & Confidence Breath Meditation,videos,/video/inner-strength-confidence-breath-meditation,"Health & Healing, Meditation","Breathing, Breathwork"
Exploring Breath and Pranayama,videos,/video/exploring-breath-and-pranayama,Health & Healing,Breathing
"When in Doubt: Breathe In, Breathe Out",videos,/video/when-doubt-breathe-breathe-out,Health & Healing,Breathing
Weed The People,videos,/video/weed-the-people,"Health & Healing, Expanded Consciousness","Cancer, Plant Medicine"
Stressed,videos,/video/stressed,"Health & Healing, Health & Healing, Spiritual Growth","Cancer, Stress Relief, Emotional Healing"
Resonance: Beings of Frequency,videos,/video/resonance-beings-frequency,"Health & Healing, Coverups","Cancer, Big Pharma"
An Inflammatory Approach,videos,/video/inflammatory-approach,"Health & Healing, Coverups","Cancer, Big Pharma"
Rethinking Cancer,videos,/video/rethinking-cancer,Health & Healing,Cancer
Burzynski: Cancer Cure Cover-Up,videos,/video/burzynski-cancer-cure-cover-up,"Health & Healing, Coverups","Cancer, Big Pharma"
Toxic Chemicals: Kids in Danger,videos,/video/toxic-chemicals-kids-danger,"Health & Healing, Coverups","Cancer, Big Pharma"
Donna Karan‘s Dream,videos,/video/donna-karan-s-dream,Health & Healing,Cancer
On Behalf of Our Breasts: The Dark Side of Screening,videos,/video/behalf-our-breasts-dark-side-screening,"Health & Healing, Coverups","Cancer, Big Pharma"
Medicinal Cannabis,videos,/video/medicinal-cannabis,Health & Healing,Cancer
The Truth About Cancer: The Quest for the Cures...Continues,series,/series/truth-about-cancer-quest-curescontinues,"Health & Healing, Health & Healing","Cancer, Cancer"
Down to Earth,videos,/video/down-to-earth,"Health & Healing, Health & Healing","Energy Healing, Immunity Support"
The Way of Miracles,videos,/video/the-way-of-miracles,"Health & Healing, Spiritual Growth","Energy Healing, Inspiring Documentaries"
Heal for Free,videos,/video/heal-free,Health & Healing,Energy Healing
The Healing Field,videos,/video/healing-field,"Health & Healing, Spiritual Growth, Expanded Consciousness, Expanded Consciousness","Energy Healing, Boosting Spiritual Resources, Intention & Co-Creation, Spiritual Alchemy"
Sensitive: The Untold Story,videos,/video/sensitive-untold-story,"Health & Healing, Spiritual Growth, Spiritual Growth, Spiritual Growth","Energy Healing, Conscious Parenting, Emotional Healing, Inspiring Documentaries"
The Living Matrix,videos,/video/living-matrix,"Health & Healing, Expanded Consciousness","Energy Healing, Universe as a Hologram"
Healing the Luminous Body,videos,/video/healing-luminous-body,"Health & Healing, Spiritual Growth, Expanded Consciousness, Expanded Consciousness, Expanded Consciousness","Energy Healing, Emotional Healing, Plant Medicine, Shamans, Universal Consciousness"
We Are Sound  [subtitles],videos,/video/we-are-sound-subtitles,"Health & Healing, Expanded Consciousness, Expanded Consciousness","Energy Healing, Shamans, Sound Healing"
Beyond Belief,videos,/video/beyond-belief,"Health & Healing, Spiritual Growth","Energy Healing, Manifesting Success"
Fractal Universe: Meditations for Conscious Elevation,series,/series/fractal-universe-meditations-conscious-elevation,"Health & Healing, Meditation, Expanded Consciousness","Energy Healing, Meditation Programs, Sound Healing"
Sacred Power,series,/series/sacred-power,"Health & Healing, Spiritual Growth, Spiritual Growth","Energy Healing, Be The Change, Sacred Relationships"
Hypnotherapy for Better Sleep,series,/series/hypnotherapy-for-better-sleep,"Health & Healing, Meditation","Energy Healing, Meditation Programs"
Visualization For Health With Jon Gabriel,series,/series/visualization-health-jon-gabriel,"Health & Healing, Meditation","Energy Healing, Meditation Programs"
Everyday Tapping: A Proven Stress Management Technique,series,/series/everyday-tapping-proven-stress-management-technique,Health & Healing,Energy Healing
The Gut: Our Second Brain,videos,/video/gut-our-second-brain,Health & Healing,Immunity Support
Immunity Support,videos,/video/immunity-support,Health & Healing,Immunity Support
Immunity Tuning Flow,videos,/video/immunity-tuning-flow,Health & Healing,Immunity Support
Real Immunity,series,/series/real-immunity,"Health & Healing, Spiritual Growth","Immunity Support, Conscious Parenting"
Fasting: The Movie,videos,/video/fasting-movie,Health & Healing,Nutrition
The Gut Movie,videos,/video/gut-movie,Health & Healing,Nutrition
The Diabetes Solution,videos,/video/the-diabetes-solution,Health & Healing,Nutrition
The Healing Effect,videos,/video/healing-effect,Health & Healing,Nutrition
Food Matters,videos,/video/food-matters,"Health & Healing, Coverups","Nutrition, Big Pharma"
Fuel Your Health,videos,/video/fuel-your-health,Health & Healing,Nutrition
Food Matters Mastery,series,/series/food-matters-mastery,Health & Healing,Nutrition
A Day In The Life With Cyndi O'meara,series,/series/day-life-cyndi-omeara,Health & Healing,Recipes
Whole Food Love with Chef Cynthia Louise,series,/series/whole-food-love-chef-cynthia-louise,Health & Healing,Recipes
Elizabeth Eats: Healthy Make-Ahead Meals & Hacks,series,/series/elizabeth-eats-healthy-make-ahead-meals-hacks,Health & Healing,Recipes
Mega Immunity,series,/series/mega-immunity,Health & Healing,Recipes
Teas and Tonics for Sleep & Stress,series,/series/teas-and-tonics-sleep-stress,"Health & Healing, Health & Healing, Health & Healing","Recipes, Stress Relief, Stress Relief"
Food Matters Snack Recipes,series,/series/food-matters-snack-recipes,Health & Healing,Recipes
The Beauty Diet,series,/series/beauty-diet,Health & Healing,Recipes
Celebrate Your Sweet Tooth Naturally: Raw Desserts with Chef Cynthia Louise,series,/series/celebrate-your-sweet-tooth-naturally-raw-desserts-chef-cynthia-louise,Health & Healing,Recipes
Raw For Life: Recipes,series,/series/raw-life-recipes,Health & Healing,Recipes
Food Matters Juice Recipes,series,/series/food-matters-juice-recipes,Health & Healing,Recipes
Food Matters Dips & Condiment Recipes,series,/series/food-matters-dips-condiment-recipes,Health & Healing,Recipes
Food Matters Main Meal Recipes,series,/series/food-matters-main-meal-recipes,Health & Healing,Recipes
A Day In The Life With Donna Gates,series,/series/day-life-donna-gates,Health & Healing,Recipes
A Day in the Life with Jon Gabriel,series,/series/day-life-jon-gabriel,Health & Healing,Recipes
Superherb Recipes,series,/series/superherb-recipes,Health & Healing,Recipes
Superfood Recipes,series,/series/superfood-recipes,Health & Healing,Recipes
Cooking Gluten-Free with Chef Cynthia Louise,series,/series/cooking-gluten-free-chef-cynthia-louise,Health & Healing,Recipes
Celebrate Your Sweet Tooth Naturally: Baked Desserts with Chef Cynthia Louise,series,/series/celebrate-your-sweet-tooth-naturally-baked-desserts-chef-cynthia-louise,Health & Healing,Recipes
Food Matters Smoothie Recipes,series,/series/food-matters-smoothie-recipes,Health & Healing,Recipes
Plant-Based Nut Milks,series,/series/plant-based-nut-milks,Health & Healing,Recipes
Kultured Kitchen with Kirsty Wirth,series,/series/kultured-kitchen-kirsty-wirth,Health & Healing,Recipes
A Woman’s Guide To Vibrant Health,series,/series/woman-s-guide-vibrant-health,Health & Healing,Recipes
Serving Love: Raw Recipe Series,series,/series/serving-love-raw-recipe-series,Health & Healing,Recipes
In The Raw with Chef Cynthia Louise,series,/series/raw-chef-cynthia-louise,Health & Healing,Recipes
Keeping it Real with Chef Shine,series,/series/keeping-it-real-chef-shine,Health & Healing,Recipes
Food Matters Breakfast Recipes,series,/series/food-matters-breakfast-recipes,Health & Healing,Recipes
Restoring Adrenal Health,series,/series/restoring-adrenal-health,Health & Healing,Recipes
Home Remedies with Dr. Eric Zielinski,series,/series/home-remedies-dr-eric-zielinski,Health & Healing,Recipes
Kids in the Kitchen,series,/series/kids-kitchen,Health & Healing,Recipes
Fast & Plenty with Chef Cynthia Louise,series,/series/fast-plenty-chef-cynthia-louise,Health & Healing,Recipes
Salads in Abundance with Chef Cynthia Louise,series,/series/salads-abundance-chef-cynthia-louise,Health & Healing,Recipes
Food Matters Dessert Recipes,series,/series/food-matters-dessert-recipes,Health & Healing,Recipes
Healthy Decadent Desserts,series,/series/healthy-decadent-desserts,Health & Healing,Recipes
Recipes to Supercharge Your Life with Lee Holmes,series,/series/recipes-supercharge-your-life-lee-holmes,Health & Healing,Recipes
Celebrate Your Sweet Tooth Naturally: Cooked Desserts with Chef Cynthia Louise,series,/series/celebrate-your-sweet-tooth-naturally-cooked-desserts-chef-cynthia-louise,Health & Healing,Recipes
Comfort Foods Made Healthy,series,/series/comfort-foods-made-healthy,Health & Healing,Recipes
Simple Vegan Classics,series,/series/simple-vegan-classics,Health & Healing,Recipes
Elizabeth Eats: Dairy-Free Cooking Secrets,series,/series/elizabeth-eats-dairy-free-cooking-secrets,Health & Healing,Recipes
Elizabeth Eats,series,/series/elizabeth-eats,Health & Healing,Recipes
Cafe Breakfasts You Can Make At Home,series,/series/cafe-breakfasts-you-can-make-home,Health & Healing,Recipes
Pre & Post Workout Snacks,series,/series/pre-post-workout-snacks,Health & Healing,Recipes
Deep Stillness Yin Yoga,videos,/video/deep-stillness-yin-yoga,Health & Healing,Stress Relief
Grounded and Light,videos,/video/grounded-and-light,Health & Healing,Stress Relief
Yoga Nidra for Stress Reduction,videos,/video/yoga-nidra-stress-reduction,Health & Healing,Stress Relief
Time Out from Overwhelm: Audio Meditation,videos,/video/time-out-overwhelm-audio-meditation,Health & Healing,Stress Relief
InnerYoga for Reducing Stress and Anxiety AM,videos,/video/inneryoga-reducing-stress-and-anxiety-am,Health & Healing,Stress Relief
Sigh of Relief,videos,/video/sigh-relief,Health & Healing,Stress Relief
Qigong for Stress Relief,videos,/video/qigong-stress-relief,Health & Healing,Stress Relief
Kundalini for Releasing Stress,videos,/video/kundalini-releasing-stress,Health & Healing,Stress Relief
Simple Yoga for Stressful Times,series,/series/simple-yoga-stressful-times,Health & Healing,Stress Relief
A Loving World,videos,/video/a-loving-world,"Meditation, Meditation","Abundance & Gratitude, Emotional Wellness"
Shared Well-Being,videos,/video/shared-well-being,"Meditation, Meditation","Abundance & Gratitude, Emotional Wellness"
The Anchor of Gratitude,videos,/video/the-anchor-of-gratitude,Meditation,Abundance & Gratitude
Loving Kindness,videos,/video/loving-kindness,Meditation,Abundance & Gratitude
Gratitude for Then and Now,videos,/video/gratitude-for-then-and-now,Meditation,Abundance & Gratitude
The Edge of Innovation: Audio Meditation,videos,/video/edge-innovation-audio-meditation,Meditation,Abundance & Gratitude
Receiving Prosperity: Audio Meditation,videos,/video/receiving-prosperity-audio-meditation,Meditation,Abundance & Gratitude
Abundance Mantra Meditation,videos,/video/abundance-mantra-meditation,Meditation,Abundance & Gratitude
New Year Reset: Audio Meditation,videos,/video/new-year-reset-audio-meditation,Meditation,Abundance & Gratitude
Full Moon Blessings,videos,/video/full-moon-blessings,Meditation,Abundance & Gratitude
Gratitude Mantra Meditation,videos,/video/gratitude-mantra-meditation,Meditation,Abundance & Gratitude
Abundance and Wholeness: Audio Meditation,videos,/video/abundance-and-wholeness-audio-meditation,"Meditation, Spiritual Growth","Abundance & Gratitude, Manifesting Success"
Abundance Meditation for the New Year,videos,/video/abundance-meditation-new-year,Meditation,Abundance & Gratitude
Meditation for Manifestation,videos,/video/meditation-manifestation,Meditation,Abundance & Gratitude
Morning Meditation for Gratitude,videos,/video/morning-meditation-gratitude,Meditation,Abundance & Gratitude
Loving Kindness Meditation - Aspen,videos,/video/loving-kindness-meditation-aspen,Meditation,Abundance & Gratitude
Meditate for Gratitude,videos,/video/meditate-gratitude,Meditation,Abundance & Gratitude
Gratitude,videos,/video/gratitude-0,"Meditation, Meditation, Spiritual Growth, Spiritual Growth","Abundance & Gratitude, Inspirational, Finding Happiness, Spiritual Teachers"
The HeartMath Experience,series,/series/heartmath-experience,"Meditation, Meditation, Spiritual Growth","Abundance & Gratitude, Meditation Programs, Heart-Centered Living"
Morning Breathwork,videos,/video/morning-breathwork,Meditation,Breathwork
Integrate Anger,videos,/video/integrate-anger,Meditation,Breathwork
"Inhale Trust, Exhale Fear",videos,/video/inhale-trust-exhale-fear,Meditation,Breathwork
Listen to Sadness,videos,/video/listen-sadness,Meditation,Breathwork
Press the Reset Button,videos,/video/press-reset-button,Meditation,Breathwork
Watering Flowers,videos,/video/watering-flowers,Meditation,Breathwork
Meditation for Confidence and Courage,videos,/video/meditation-confidence-and-courage,Meditation,Breathwork
Breathe Into Now,videos,/video/breathe-now,Meditation,Breathwork
Revolving Ujjayi Breath Meditation,videos,/video/revolving-ujjayi-breath-meditation,Meditation,Breathwork
Turbo Meditation for Peace,videos,/video/turbo-meditation-peace,Meditation,Breathwork
Breath Meditation - AUDIO PRACTICE,videos,/video/breath-meditation-audio-practice,Meditation,Breathwork
Focused Awareness,videos,/video/focused-awareness,Meditation,Chakras
Clear Connection - Seventh Chakra,videos,/video/clear-connection-seventh-chakra-0,"Meditation, Meditation","Chakras, Visualization"
Awaken Intuition - Sixth Chakra,videos,/video/awaken-intuition-sixth-chakra-0,"Meditation, Meditation","Chakras, Visualization"
Healthy Communication - Fifth Chakra,videos,/video/healthy-communication-fifth-chakra-0,"Meditation, Meditation","Chakras, Visualization"
Heart Expansion - Fourth Chakra,videos,/video/heart-expansion-fourth-chakra-0,"Meditation, Meditation","Chakras, Visualization"
Power Center - Third Chakra,videos,/video/power-center-third-chakra-0,"Meditation, Meditation","Chakras, Visualization"
Creative Spark - Second Chakra,videos,/video/creative-spark-second-chakra-0,"Meditation, Meditation","Chakras, Visualization"
Root Connection - First Chakra,videos,/video/root-connection-first-chakra-0,"Meditation, Meditation","Chakras, Visualization"
Satya: Finding Your Truth,videos,/video/satya-finding-your-truth,Meditation,Chakras
Empower Yourself,videos,/video/empower-yourself,Meditation,Emotional Wellness
A Caring Recharge,videos,/video/a-caring-recharge,Meditation,Emotional Wellness
The Weather Within,videos,/video/the-weather-within,"Meditation, Meditation","Emotional Wellness, Visualization"
Feel to Heal,videos,/video/feel-to-heal,Meditation,Emotional Wellness
Sacred Body Love,videos,/video/sacred-body-love,Meditation,Emotional Wellness
Adaptation for Yoga Teachers: Audio Meditation,videos,/video/adaptation-for-yoga-teachers-audio-meditation,Meditation,Emotional Wellness
Art of Letting Go,series,/series/art-of-letting-go,Meditation,Meditation Programs
10-Day Guide to Lucid Dreaming,series,/series/10-day-guide-to-lucid-dreaming,"Meditation, Expanded Consciousness","Meditation Programs, Dream World"
Lucid Power Meditations,series,/series/lucid-power-meditations,"Meditation, Expanded Consciousness","Meditation Programs, Dream World"
Sound of Creation: Sonic Meditations,series,/series/sound-of-creation-sonic-meditations,"Meditation, Expanded Consciousness","Meditation Programs, Sound Healing"
Hypnotherapy for Work & Career,series,/series/hypnotherapy-for-work-career,Meditation,Meditation Programs
Hypnotherapy for Relationships,series,/series/hypnotherapy-for-relationships,Meditation,Meditation Programs
Hypnotherapy for Breaking Unwanted Habits,series,/series/hypnotherapy-for-breaking-unwanted-habits,Meditation,Meditation Programs
Hypnotherapy for Women's Wellness,series,/series/hypnotherapy-for-womens-wellness,Meditation,Meditation Programs
Hypnotherapy for Self-Improvement,series,/series/hypnotherapy-for-self-improvement,Meditation,Meditation Programs
Hypnotherapy for Stress & Anxiety,series,/series/hypnotherapy-stress-anxiety,Meditation,Meditation Programs
Hypnotherapy for a New You,series,/series/hypnotherapy-new-you,"Meditation, Spiritual Growth","Meditation Programs, Be The Change"
Meditations: The Pathless Path,series,/series/meditations-the-pathless-path,Meditation,Meditation Programs
Meditations for Life with Koya Webb,series,/series/meditations-life-koya-webb,Meditation,Meditation Programs
Daily Guided Meditations for Gratitude and Inner Guidance,series,/series/daily-guided-meditations-gratitude-and-inner-guidance,Meditation,Meditation Programs
The Power of Sound with Tom Kenyon,series,/series/power-sound-tom-kenyon,"Meditation, Expanded Consciousness","Meditation Programs, Sound Healing"
Passageways to Peace Meditation,series,/series/passageways-peace-meditation,Meditation,Meditation Programs
The Hidden Power of Meditation,series,/series/hidden-power-meditation,Meditation,Meditation Programs
Chakra Toning and Sound Healing with Prakash and Michelle,series,/series/chakra-toning-and-sound-healing-prakash-and-michelle,"Meditation, Expanded Consciousness, Supernatural","Meditation Programs, Sound Healing, Chakras"
Short Power Meditations,series,/series/short-power-meditations,Meditation,Meditation Programs
Meditation for Beginners with Tom Cronin,series,/series/meditation-beginners-tom-cronin,Meditation,Meditation Programs
Falling in Love with Meditation,series,/series/falling-love-meditation,Meditation,Meditation Programs
Tantrik Micro Meditation Practices,series,/series/tantrik-micro-meditation-practices,Meditation,Meditation Programs
Awakening Yoga & Meditation with Ashley Aiken-Redon,series,/series/awakening-yoga-meditation-ashley-aiken-redon,Meditation,Meditation Programs
Kundalini Meditation with Krishna Kaur,series,/series/kundalini-meditation-krishna-kaur,Meditation,Meditation Programs
Meditation 102,series,/series/meditation-102,Meditation,Meditation Programs
Dharma Punx: Guided Meditations with Noah Levine,series,/series/dharma-punx-guided-meditations-noah-levine,Meditation,Meditation Programs
Meditation 101,series,/series/meditation-101,Meditation,Meditation Programs
Here and Now: A Beginner's Guide to Meditation,series,/series/here-and-now-beginners-guide-meditation,Meditation,Meditation Programs
The Yogi's Heart,series,/series/yogis-heart,Meditation,Meditation Programs
The Fractal Meditation System,series,/series/fractal-meditation-system,"Meditation, Expanded Consciousness","Meditation Programs, Sound Healing"
Release into Sleep: Audio Meditation,videos,/video/release-into-sleep-audio-meditation,Meditation,Sleep
The Path to Sleep: Audio Meditation,videos,/video/the-path-to-sleep-audio-meditation,Meditation,Sleep
Evening Transition: Audio Meditation,videos,/video/evening-transition-audio-meditation,Meditation,Sleep
Evening Wind-Down: Audio Meditation,videos,/video/evening-wind-down-audio-meditation,Meditation,Sleep
Essential Sleep: Audio Meditation,videos,/video/essential-sleep-audio-meditation,Meditation,Sleep
Lunar Meditation for Relaxation: Audio Meditation,videos,/video/lunar-meditation-for-relaxation-audio-meditation,Meditation,Sleep
Peaceful Sleep: Audio Meditation,videos,/video/peaceful-sleep-audio-meditation,Meditation,Sleep
Invite Sleep: Audio Meditation,videos,/video/invite-sleep-audio-meditation,Meditation,Sleep
Into Bed: Audio Meditation,videos,/video/bed-audio-meditation,Meditation,Sleep
Yoga Nidra for Sleep: Audio Meditation,videos,/video/yoga-nidra-sleep-audio-meditation,Meditation,Sleep
Dreamtime Nidra,videos,/video/dreamtime-nidra,Meditation,Sleep
Yoga Nidra for Deep Rest,videos,/video/yoga-nidra-deep-rest,Meditation,Sleep
Evening Relaxation,videos,/video/evening-relaxation,Meditation,Sleep
New Moon Meditation,videos,/video/new-moon-meditation,Meditation,Visualization
InnerYoga for Relieving Mental Stress and Upper Body Tension,videos,/video/inneryoga-relieving-mental-stress-and-upper-body-tension,Meditation,Visualization
The Abundance Code,series,/series/abundance-code,"Spiritual Growth, Spiritual Growth","Be The Change, Manifesting Success"
Transcendence,series,/series/transcendence,Spiritual Growth,Be The Change
The Business of Being Born,videos,/video/the-business-of-being-born,Spiritual Growth,Conscious Parenting
The Indigo Evolution,videos,/video/indigo-evolution,Spiritual Growth,Conscious Parenting
The Face of Birth,videos,/video/face-birth,Spiritual Growth,Conscious Parenting
Beyond the Autism Spectrum,videos,/video/beyond-autism-spectrum,"Spiritual Growth, Coverups","Conscious Parenting, Big Pharma"
Milk,videos,/video/milk-0,Spiritual Growth,Conscious Parenting
A Pause for Parents: Audio Meditation,videos,/video/pause-parents-audio-meditation,Spiritual Growth,Conscious Parenting
The Face Of Birth Stories,series,/series/face-birth-stories,Spiritual Growth,Conscious Parenting
The Face Of Birth Experts,series,/series/face-birth-experts,Spiritual Growth,Conscious Parenting
Simple Steps to A Balanced Natural Pregnancy,series,/series/balanced-natural-pregnancy-video,Spiritual Growth,Conscious Parenting
Women of Bhakti,videos,/video/women-bhakti,"Spiritual Growth, Spiritual Growth, Spiritual Growth","Divine Feminine, Heart-Centered Living, Sacred Relationships"
As She Is,videos,/video/she,"Spiritual Growth, Spiritual Growth","Divine Feminine, Emotional Healing"
The Goddess Project,videos,/video/goddess-project,Spiritual Growth,Divine Feminine
Sophia Returning: The Path to Planetary Tantra,videos,/video/sophia-returning-path-planetary-tantra,Spiritual Growth,Divine Feminine
Becoming Nobody,videos,/video/becoming-nobody,"Spiritual Growth, Spiritual Growth, Spiritual Growth, Spiritual Growth, Spiritual Growth","Eastern Spirituality, Inspirational People, Inspiring Documentaries, Spiritual Teachers, World Religions"
Awake: The Life of Yogananda,videos,/video/awake-life-yogananda,"Spiritual Growth, Spiritual Growth, Spiritual Growth, Spiritual Growth","Eastern Spirituality, Inspirational People, Inspiring Documentaries, Spiritual Teachers"
One Track Heart,videos,/video/one-track-heart,"Spiritual Growth, Spiritual Growth, Spiritual Growth, Spiritual Growth, Expanded Consciousness","Eastern Spirituality, Inspirational People, Inspiring Documentaries, Spiritual Teachers, Sound Healing"
Zen: Silence and Mindfulness,videos,/video/zen,"Spiritual Growth, Spiritual Growth, Spiritual Growth","Eastern Spirituality, Heart-Centered Living, Inspirational People"
Jesus & Buddha: Practicing Across Traditions,videos,/video/jesus-buddha-practicing-across-traditions,"Spiritual Growth, Spiritual Growth","Eastern Spirituality, World Religions"
Smile,videos,/video/smile,Spiritual Growth,Eastern Spirituality
The Oracle,videos,/video/oracle,Spiritual Growth,Eastern Spirituality
Qigong Ancient Chinese Healing for the 21st Century,videos,/video/qigong-ancient-chinese-healing-21st-century,Spiritual Growth,Eastern Spirituality
Wudang: The Mystical Mountains,videos,/video/wudang-mystical-mountains,"Spiritual Growth, Spiritual Growth","Eastern Spirituality, World Religions"
The Immortal Path: The Tao of Tai Chi Chuan,videos,/video/immortal-path-tao-tai-chi-chuan,Spiritual Growth,Eastern Spirituality
Crazy Wisdom,videos,/video/crazy-wisdom,"Spiritual Growth, Spiritual Growth, Spiritual Growth","Eastern Spirituality, Spiritual Teachers, World Religions"
Rumi: Poet of the Heart,videos,/video/rumi-poet-heart,"Spiritual Growth, Spiritual Growth","Eastern Spirituality, World Religions"
Tulku,videos,/video/tulku,"Spiritual Growth, Spiritual Growth","Eastern Spirituality, World Religions"
Golden Kingdom [subtitles],videos,/video/golden-kingdom-subtitles,Spiritual Growth,Eastern Spirituality
Kalachakra: The Enlightenment,videos,/video/kalachakra-enlightenment,Spiritual Growth,Eastern Spirituality
Dharma Rising,videos,/video/dharma-rising,"Spiritual Growth, Spiritual Growth","Eastern Spirituality, Spiritual Teachers"
When the Iron Bird Flies: Tibetan Buddhism Arrives in the West,videos,/video/when-iron-bird-flies-tibetan-buddhism-arrives-west,"Spiritual Growth, Spiritual Growth","Eastern Spirituality, Spiritual Teachers"
Koan of Spring [subtitles],videos,/video/koan-spring-subtitles,Spiritual Growth,Eastern Spirituality
Hidden World: Tibetan Sand Mandala,videos,/video/hidden-world-tibetan-sand-mandala,Spiritual Growth,Eastern Spirituality
Cloth Paper Dreams,videos,/video/cloth-paper-dreams,"Spiritual Growth, Spiritual Growth","Eastern Spirituality, World Religions"
Auroville: From Utopia to Reality,videos,/video/auroville-utopia-reality,"Spiritual Growth, Spiritual Growth, Hidden History","Eastern Spirituality, Finding Happiness, Megaliths & Sacred Sites"
Superhuman Experience,series,/series/superhuman-experience-0,Spiritual Growth,Eastern Spirituality
Yogic Paths,series,/series/yogic-paths,Spiritual Growth,Eastern Spirituality
Inner Worlds Outer Worlds,series,/series/inner-worlds-outer-worlds,"Spiritual Growth, Spiritual Growth, Expanded Consciousness","Eastern Spirituality, World Religions, Universal Consciousness"
Alan Watts on Eastern Wisdom and Modern Life,series,/series/alan-watts-eastern-wisdom-and-modern-life,"Spiritual Growth, Spiritual Growth","Eastern Spirituality, World Religions"
Tantra: The Potency of Consciousness,series,/series/tantra-potency-consciousness,"Spiritual Growth, Spiritual Growth","Eastern Spirituality, World Religions"
Introduction to Yoga Sutras,series,/series/introduction-yoga-sutras,Spiritual Growth,Eastern Spirituality
E-Motion,videos,/video/e-motion,"Spiritual Growth, Spiritual Growth","Emotional Healing, Heart-Centered Living"
Emotional Scars: Audio Meditation,videos,/video/emotional-scars-audio-meditation,Spiritual Growth,Emotional Healing
The Shadow Effect,videos,/video/shadow-effect,Spiritual Growth,Emotional Healing
The Tapping Solution,videos,/video/tapping-solution,Spiritual Growth,Emotional Healing
Becoming the Keys,videos,/video/becoming-keys,Spiritual Growth,Emotional Healing
Open Shadow: The Story of Teal Swan,videos,/video/open-shadow-story-teal-swan,Spiritual Growth,Emotional Healing
Untie Emotional Knots,videos,/video/untie-emotional-knots,Spiritual Growth,Emotional Healing
Emotion Code Toolkit,series,/series/emotion-code-toolkit,Spiritual Growth,Emotional Healing
Break Through Emotional Eating with Gay Hendricks,series,/series/break-through-emotional-eating-gay-hendricks,Spiritual Growth,Emotional Healing
Overcoming Depression & Anxiety,series,/series/overcoming-depression-anxiety,Spiritual Growth,Emotional Healing
"Free Yourself From Anxiety, Depression and ADHD Interview With Jodi Chapman",series,/series/free-yourself-anxiety-depression-and-adhd-interview-jodi-chapman,Spiritual Growth,Emotional Healing
The Science of Happiness,series,/series/science-happiness,"Spiritual Growth, Spiritual Growth","Emotional Healing, Finding Happiness"
Discover the Gift,videos,/video/discover-gift,"Spiritual Growth, Spiritual Growth, Spiritual Growth","Finding Happiness, Heart-Centered Living, Sacred Relationships"
Sedona,videos,/video/sedona,Spiritual Growth,Finding Happiness
A Course in Miracles,videos,/video/course-miracles-0,"Spiritual Growth, Expanded Consciousness","Finding Happiness, Intention & Co-Creation"
Serotonin Rising,videos,/video/serotonin-rising,Spiritual Growth,Finding Happiness
Mindfulness: Be Happy Now,videos,/video/mindfulness-be-happy-now,Spiritual Growth,Finding Happiness
The Happiness Prescription (Deepak Chopra),videos,/video/happiness-prescription-deepak-chopra,"Spiritual Growth, Spiritual Growth, Expanded Consciousness","Finding Happiness, Spiritual Teachers, Noetic Science"
Finding Joe,videos,/video/finding-joe,"Spiritual Growth, Spiritual Growth","Finding Happiness, Sacred Relationships"
Follow Your Passion,videos,/video/follow-your-passion,Spiritual Growth,Finding Happiness
Neale Donald Walsch: Master Class with Interview,videos,/video/neale-donald-walsch-master-class-interview,Spiritual Growth,Finding Happiness
Bob Proctor: Master Class with Interview,videos,/video/bob-proctor-master-class-interview,Spiritual Growth,Finding Happiness
Create Joy: Audio Meditation,videos,/video/create-joy-audio-meditation,Spiritual Growth,Finding Happiness
Jack Canfield: Master Class with Interview,videos,/video/jack-canfield-master-class-interview,"Spiritual Growth, Spiritual Growth","Finding Happiness, Manifesting Success"
Essays from the Heart: Emergence from Within,videos,/video/essays-heart-emergence-within,Spiritual Growth,Finding Happiness
Detox for Spacious Joy,videos,/video/detox-spacious-joy,Spiritual Growth,Finding Happiness
I Got the Joy: Audio Meditation,videos,/video/i-got-joy-audio-meditation,Spiritual Growth,Finding Happiness
Project Happiness,videos,/video/project-happiness,Spiritual Growth,Finding Happiness
Happiness in the Here and Now: Audio Meditation,videos,/video/happiness-here-and-now-audio-meditation,Spiritual Growth,Finding Happiness
"Happy, Healthy, Open",videos,/video/happy-healthy-open,Spiritual Growth,Finding Happiness
May I Be Happy,series,/series/may-i-be-happy,Spiritual Growth,Finding Happiness
T‘ai Chi for Health & Happiness with David-Dorian Ross,series,/series/t-ai-chi-health-happiness-david-dorian-ross,Spiritual Growth,Finding Happiness
The Power of the Heart,videos,/video/power-heart,Spiritual Growth,Heart-Centered Living
Aluna,videos,/video/aluna,"Spiritual Growth, Spiritual Growth, Expanded Consciousness","Indigenous Cultures, Inspiring Documentaries, Shamans"
"Wisdomkeepers, Paqo Andino",videos,/video/wisdomkeepers-paqo-andino,"Spiritual Growth, Spiritual Growth, Expanded Consciousness","Indigenous Cultures, Sacred Relationships, Shamans"
Prayer for The Earth: An Indigenous Response To These Times,videos,/video/prayer-earth-indigenous-response-these-times,"Spiritual Growth, Expanded Consciousness","Indigenous Cultures, Shamans"
Connection to Country,videos,/video/connection-country,Spiritual Growth,Indigenous Cultures
Shamans of the Global Village: Octavio Rettig & the Sonoran Desert Toad,videos,/video/shamans-global-village-octavio-rettig-sonoran-desert-toad,"Spiritual Growth, Expanded Consciousness, Expanded Consciousness","Indigenous Cultures, Plant Medicine, Shamans"
Awakening the Dreamer – Changing the Dream,series,/series/awakening-dreamer-changing-dream,Spiritual Growth,Indigenous Cultures
Song of the New Earth,videos,/video/song-new-earth,"Spiritual Growth, Spiritual Growth, Expanded Consciousness, Expanded Consciousness","Inspirational People, Inspiring Documentaries, Sound Healing, Spiritual Alchemy"
Uri Geller’s Legacy of Paranormal Experiences,series,/series/uri-geller-s-legacy-paranormal-experiences,Spiritual Growth,Inspirational People
Raymond Moody’s Legacy of Near-Death Experiences,series,/series/raymond-moody-s-legacy-near-death-experiences,"Spiritual Growth, Expanded Consciousness, Supernatural","Inspirational People, Metaphysics, Afterlife"
Inspirations,series,/series/inspirations,Spiritual Growth,Inspirational People
Barbara Marx Hubbard’s Legacy for A New World View,series,/series/barbara-marx-hubbard-s-legacy-new-world-view,Spiritual Growth,Inspirational People
Heal,videos,/video/heal,Spiritual Growth,Inspiring Documentaries
Chasing the Present,videos,/video/chasing-the-present,"Spiritual Growth, Expanded Consciousness, Expanded Consciousness","Inspiring Documentaries, Plant Medicine, Shamans"
Supernatural Mind,videos,/video/supernatural-mind,Spiritual Growth,Inspiring Documentaries
Secret of Water,videos,/video/secret-water,"Spiritual Growth, Expanded Consciousness, Expanded Consciousness, Hidden History","Inspiring Documentaries, Metaphysics, Universe as a Hologram, Sacred Geometry"
What the BLEEP Do We Know!?,videos,/video/what-bleep-do-we-know,"Spiritual Growth, Expanded Consciousness","Inspiring Documentaries, Metaphysics"
AWARE: Glimpses of Consciousness,videos,/video/aware-glimpses-of-consciousness,Spiritual Growth,Inspiring Documentaries
Damanhur: the documentary,videos,/video/damanhur-the-documentary,Spiritual Growth,Inspiring Documentaries
Enlightenment,videos,/video/enlightenment,"Spiritual Growth, Expanded Consciousness","Manifesting Success, Universal Consciousness"
Sacred Economics,videos,/video/sacred-economics,"Spiritual Growth, Coverups","Manifesting Success, Financial System"
Bob Proctor: Master Class,videos,/video/bob-proctor-master-class,Spiritual Growth,Manifesting Success
Jack Canfield: Master Class,videos,/video/jack-canfield-master-class,Spiritual Growth,Manifesting Success
John Assaraf: Master Class,videos,/video/john-assaraf-master-class,Spiritual Growth,Manifesting Success
The Abundance Code Masterclass,series,/series/abundance-code-masterclass,Spiritual Growth,Manifesting Success
The Earthing Movie (long version),videos,/video/the-earthing-movie-long-version,Spiritual Growth,Nature & Animals
Voices from the Forest,videos,/video/voices-forest,"Spiritual Growth, Expanded Consciousness","Nature & Animals, Alternative Realities"
Aliens of the Deep,videos,/video/aliens-deep,Spiritual Growth,Nature & Animals
Journey of the Universe,videos,/video/journey-universe,Spiritual Growth,Nature & Animals
Keepers of the Light,videos,/video/keepers-light,"Spiritual Growth, Expanded Consciousness","Sacred Relationships, Shamans"
Belladonna,videos,/video/belladonna,"Spiritual Growth, Expanded Consciousness","Sacred Relationships, Metaphysics"
I Remember You,videos,/video/i-remember-you,Spiritual Growth,Sacred Relationships
Loving Kindness Meditation,videos,/video/loving-kindness-meditation,Spiritual Growth,Sacred Relationships
Turn Your Mate into Your Soulmate with Arielle Ford,videos,/video/turn-your-mate-your-soulmate-arielle-ford,Spiritual Growth,Sacred Relationships
A Conversation with Drunvalo Melchizedek,videos,/video/conversation-drunvalo-melchizedek,"Spiritual Growth, Expanded Consciousness","Spiritual Teachers, Metaphysics"
Meetings with Remarkable Men,videos,/video/meetings-remarkable-men,Spiritual Growth,Spiritual Teachers
Yogacharya B. K. S. Iyengar: Uniting Through Yoga,videos,/video/yogacharya-b-k-s-iyengar-uniting-through-yoga,Spiritual Growth,Spiritual Teachers
Byron Katie: Master Class,videos,/video/byron-katie-master-class,Spiritual Growth,Spiritual Teachers
Spiritual Liberation: Fulfilling Your Soul's Potential,videos,/video/spiritual-liberation-fulfilling-your-souls-potential,Spiritual Growth,Spiritual Teachers
Lilou Visits Wayne Dyer,videos,/video/lilou-visits-wayne-dyer,Spiritual Growth,Spiritual Teachers
The Toltec Art of Life and Death with don Miguel Ruiz,videos,/video/toltec-art-life-and-death-don-miguel-ruiz,"Spiritual Growth, Expanded Consciousness","Spiritual Teachers, Shamans"
Thich Nhat Hanh: Roots of Peace,videos,/video/thich-nhat-hanh-roots-peace,Spiritual Growth,Spiritual Teachers
Neale Donald Walsch: Master Class,videos,/video/neale-donald-walsch-master-class,Spiritual Growth,Spiritual Teachers
Teachings of Ram Dass,series,/series/teachings-ram-dass,Spiritual Growth,Spiritual Teachers
Islands of Inner Peace,series,/series/islands-inner-peace,"Spiritual Growth, Expanded Consciousness","Spiritual Teachers, Noetic Science"
The Essential Lectures of Alan Watts,series,/series/essential-lectures-alan-watts,"Spiritual Growth, Spiritual Growth","Spiritual Teachers, World Religions"
The Lost Secrets of Jesus: The Wand and the Ring,series,/series/lost-secrets-jesus-wand-and-ring,"Spiritual Growth, Expanded Consciousness","Spiritual Teachers, Metaphysics"
The Power of Myth with Joseph Campbell,series,/series/power-myth-joseph-campbell,Spiritual Growth,Spiritual Teachers
Racing To Zero,videos,/video/racing-zero,Spiritual Growth,Sustainability
H.O.P.E. — What You Eat Matters,videos,/video/hope-what-you-eat-matters,Spiritual Growth,Sustainability
Serving Love: Organic Gardening,videos,/video/serving-love-organic-gardening,Spiritual Growth,Sustainability
Microtopia,videos,/video/microtopia,Spiritual Growth,Sustainability
Everything Connects,videos,/video/everything-connects,Spiritual Growth,Sustainability
Can Seaweed Save the World?,videos,/video/can-seaweed-save-world,Spiritual Growth,Sustainability
Wild Edibles with Sergei Boutenko,videos,/video/wild-edibles-sergei-boutenko,Spiritual Growth,Sustainability
Oceans: The Mystery of the Missing Plastic,videos,/video/oceans-mystery-missing-plastic,Spiritual Growth,Sustainability
Queen Of The Sun: What Are The Bees Telling Us?,videos,/video/queen-sun-what-are-bees-telling-us,Spiritual Growth,Sustainability
Food Fighter,videos,/video/food-fighter,Spiritual Growth,Sustainability
With One Voice,videos,/video/one-voice,Spiritual Growth,World Religions
The Highest Pass,videos,/video/highest-pass,Spiritual Growth,World Religions
Mystery Teachings,series,/series/mystery-teachings,"Spiritual Growth, Expanded Consciousness, Expanded Consciousness, Expanded Consciousness, Expanded Consciousness, Hidden History","World Religions, Metaphysics, Psychic Abilities, Spiritual Alchemy, Universal Consciousness, Esoterics"
Quantum Jumps,videos,/video/quantum-jumps-0,"Expanded Consciousness, Expanded Consciousness","Alternative Realities, Metaphysics"
Multiverse,videos,/video/multiverse,"Expanded Consciousness, Expanded Consciousness, Expanded Consciousness","Alternative Realities, Astral Projection, Metaphysics"
Expanding Reality,videos,/video/expanding-reality,Expanded Consciousness,Alternative Realities
Initiation,series,/series/initiation,"Expanded Consciousness, Hidden History, Supernatural","Alternative Realities, Our Origins, Channeling"
Escape the Matrix,series,/series/escape-matrix,"Expanded Consciousness, Expanded Consciousness","Alternative Realities, Metaphysics"
Insight Out: The Transformation of Out Of Body Experience,videos,/video/insight-out-transformation-out-body-experience,Expanded Consciousness,Astral Projection
The Path: Beyond the Physical,videos,/video/path-beyond-physical,"Expanded Consciousness, Expanded Consciousness, Expanded Consciousness","Astral Projection, Metaphysics, Universe as a Hologram"
Astral Traveler,videos,/video/astral-traveler,Expanded Consciousness,Astral Projection
Rewired,series,/series/rewired,Expanded Consciousness,Intention & Co-Creation
The Portals: How Sacred Sites Connect with the Infinite,videos,/video/portals-how-sacred-sites-connect-infinite,"Expanded Consciousness, Hidden History","Metaphysics, Megaliths & Sacred Sites"
Sacred Space and the Healing Power of Resonance,videos,/video/sacred-space-and-healing-power-resonance,Expanded Consciousness,Metaphysics
Madame Blavatsky: Spiritual Traveler,videos,/video/madame-blavatsky-spiritual-traveler,"Expanded Consciousness, Hidden History, Hidden History, Supernatural","Metaphysics, Ancient Symbols, Esoterics, Magic & Mysteries"
Secrets of the Andean Temples: On the Trail of Viracocha,videos,/video/secrets-andean-temples-trail-viracocha,"Expanded Consciousness, Hidden History, Hidden History","Metaphysics, Ancient Civilizations Decoded, Megaliths & Sacred Sites"
Connecting with Universal Consciousness,videos,/video/connecting-universal-consciousness,"Expanded Consciousness, Expanded Consciousness, Expanded Consciousness","Metaphysics, Universal Consciousness, Universe as a Hologram"
The Moses Code,videos,/video/moses-code,"Expanded Consciousness, Expanded Consciousness","Metaphysics, Universal Consciousness"
What the Bleep!? Down the Rabbit Hole,videos,/video/what-bleep-down-rabbit-hole,Expanded Consciousness,Metaphysics
The 900-Year Secret of the Knights Templar — Part 1,videos,/video/900-year-secret-knights-templar-part-1,"Expanded Consciousness, Hidden History, Hidden History","Metaphysics, Esoterics, Megaliths & Sacred Sites"
The One Goal: Ascension,videos,/video/one-goal-ascension,Expanded Consciousness,Metaphysics
Spirit Space,videos,/video/spirit-space-0,"Expanded Consciousness, Expanded Consciousness","Metaphysics, Universal Consciousness"
The Last Avatar,videos,/video/the-last-avatar,Expanded Consciousness,Metaphysics
The 900-Year Secret of the Knights Templar — Part 2,videos,/video/900-year-secret-knights-templar-part-2,"Expanded Consciousness, Hidden History, Hidden History","Metaphysics, Esoterics, Megaliths & Sacred Sites"
Black Whole,videos,/video/black-whole,"Expanded Consciousness, Expanded Consciousness, Expanded Consciousness","Metaphysics, Universal Consciousness, Universe as a Hologram"
From Science to God,videos,/video/science-god,"Expanded Consciousness, Expanded Consciousness, Hidden History","Metaphysics, Universal Consciousness, Our Origins"
Fields of Light,videos,/video/fields-light,"Expanded Consciousness, Supernatural","Metaphysics, Chakras"
Secrets of Alchemy,videos,/video/secrets-alchemy,Expanded Consciousness,Metaphysics
The Book of Love: The Cathars and the Sacred Secret of Transforming Humans into Angels,videos,/video/book-love-cathars-and-sacred-secret-transforming-humans-angels,"Expanded Consciousness, Supernatural","Metaphysics, Angels"
All the Gold You Can Eat,videos,/video/all-gold-you-can-eat,Expanded Consciousness,Metaphysics
"The Watchers: Lost Secrets of Ascension, Resurrection and Perfection",videos,/video/watchers-lost-secrets-ascension-resurrection-and-perfection,"Expanded Consciousness, Hidden History, Supernatural","Metaphysics, Esoterics, Angels"
The Universe is a Hologram,videos,/video/universe-hologram,"Expanded Consciousness, Expanded Consciousness","Metaphysics, Universe as a Hologram"
Mona Lisa's Little Secret,videos,/video/mona-lisas-little-secret,Expanded Consciousness,Metaphysics
Particle Fever,videos,/video/particle-fever,Expanded Consciousness,Metaphysics
Lilou Talks with Drunvalo Melchizedek,videos,/video/lilou-talks-drunvalo-melchizedek,Expanded Consciousness,Metaphysics
Accessing the Mystic: Where Science and the Sacred Intersect,videos,/video/accessing-mystic-where-science-and-sacred-intersect,Expanded Consciousness,Metaphysics
The Ritman Library — Amsterdam,videos,/video/ritman-library-amsterdam,"Expanded Consciousness, Supernatural","Metaphysics, Magic & Mysteries"
Sacred Geometry: Spiritual Science,series,/series/sacred-geometry-spiritual-science,"Expanded Consciousness, Hidden History","Metaphysics, Sacred Geometry"
Quantum Effect,series,/series/quantum-effect,Expanded Consciousness,Metaphysics
Open Minds,series,/series/open-minds,Expanded Consciousness,Metaphysics
Missing Links,series,/series/missing-links,"Expanded Consciousness, Expanded Consciousness, Expanded Consciousness","Metaphysics, Noetic Science, Universe as a Hologram"
Events+ Remembering Humanity's Mission,series,/series/events-remembering-humanitys-mission,Expanded Consciousness,Metaphysics
Mystery Teachings of the Tarot,series,/series/mystery-teachings-of-the-tarot,Expanded Consciousness,Metaphysics
Code X,series,/series/code-x,"Expanded Consciousness, Hidden History, Hidden History","Metaphysics, Lost History, Megaliths & Sacred Sites"
Quantum Revolution,series,/series/quantum-revolution,Expanded Consciousness,Metaphysics
Great Minds,series,/series/great-minds,Expanded Consciousness,Metaphysics
The Pyramid Code,series,/series/pyramid-code,"Expanded Consciousness, Hidden History, Hidden History, Hidden History","Metaphysics, Ancient Civilizations Decoded, Ancient Egypt, Megaliths & Sacred Sites"
Conscious Media Network,series,/series/conscious-media-network,Expanded Consciousness,Metaphysics
Morph: The Secret of Light Body Activation,series,/series/morph-secret-light-body-activation,Expanded Consciousness,Metaphysics
Arcanum,series,/series/arcanum,"Expanded Consciousness, Hidden History, Hidden History","Metaphysics, Ancient Lost Technology, Esoterics"
Flower of Life,series,/series/flower-life,Expanded Consciousness,Metaphysics
Conscious Life Expo 2020,series,/series/conscious-life-expo-2020,Expanded Consciousness,Metaphysics
Initiation to a Mystical Life,series,/series/initiation-mystical-life,Expanded Consciousness,Metaphysics
Electric Universe,series,/series/electric-universe,"Expanded Consciousness, Hidden History","Metaphysics, Esoterics"
Down the Quantum Rabbit Hole,series,/series/down-quantum-rabbit-hole,Expanded Consciousness,Metaphysics
Structure of Space and Time,series,/series/structure-space-and-time,"Expanded Consciousness, Hidden History, Hidden History","Metaphysics, Ancient Symbols, Esoterics"
Damanhur: Journey Through Time,series,/series/damanhur-journey-through-time,Expanded Consciousness,Metaphysics
Events+ The Universe and You,series,/series/events-the-universe-and-you-with-nassim-haramein,Expanded Consciousness,Metaphysics
Events+ The Divine Encryption,series,/series/events-the-divine-encryption,Expanded Consciousness,Metaphysics
Death Makes Life Possible,videos,/video/death-makes-life-possible,Expanded Consciousness,Noetic Science
Deepak Chopra,videos,/video/deepak-chopra,Expanded Consciousness,Noetic Science
Inner Evolution,series,/series/inner-evolution,Expanded Consciousness,Noetic Science
The Song That Calls You Home,videos,/video/song-calls-you-home,"Expanded Consciousness, Expanded Consciousness","Plant Medicine, Shamans"
Ayahuasca: Vine of the Soul,videos,/video/ayahuasca-vine-soul,"Expanded Consciousness, Expanded Consciousness","Plant Medicine, Shamans"
The Way of the Psychonaut,videos,/video/the-way-of-the-psychonaut,Expanded Consciousness,Plant Medicine
Descending the Mountain,videos,/video/descending-the-mountain,Expanded Consciousness,Plant Medicine
Frequencies of Ayahuaska: A Tepoztlán Story,videos,/video/frequencies-of-ayahuaska-a-tepoztlan-story,Expanded Consciousness,Plant Medicine
Eye of the Needle: An Ayahuasca Journey,videos,/video/eye-needle-ayahuasca-journey,"Expanded Consciousness, Expanded Consciousness","Plant Medicine, Shamans"
AYA: Awakenings,videos,/video/aya-awakenings,"Expanded Consciousness, Expanded Consciousness","Plant Medicine, Shamans"
Neurons to Nirvana: The Great Medicines,videos,/video/neurons-nirvana-great-medicines,Expanded Consciousness,Plant Medicine
The Psychedelic Pioneers,videos,/video/psychedelic-pioneers,Expanded Consciousness,Plant Medicine
Psyched Out,videos,/video/psyched-out,"Expanded Consciousness, Coverups","Plant Medicine, Big Pharma"
Psychedelica,series,/series/psychedelica,Expanded Consciousness,Plant Medicine
Healing Powers,series,/series/healing-powers,Expanded Consciousness,Plant Medicine
Third Eye Spies,videos,/video/third-eye-spies,Expanded Consciousness,Remote Viewing
Superhuman: The Invisible Made Visible,series,/series/superhuman-the-invisible-made-visible,Expanded Consciousness,Remote Viewing
Ngaligumerra: We Are One,videos,/video/ngaligumerra-we-are-one,Expanded Consciousness,Shamans
Crazywise,videos,/video/crazywise,Expanded Consciousness,Shamans
Shamanic Healing and Soul Retrieval (Alberto Villoldo),videos,/video/shamanic-healing-and-soul-retrieval-alberto-villoldo,Expanded Consciousness,Shamans
Reconnecting With Ourselves,videos,/video/reconnecting-with-ourselves,Expanded Consciousness,Sound Healing
The Healing Song,videos,/video/healing-song,Expanded Consciousness,Sound Healing
Lilou Talks with Len Horowitz,videos,/video/lilou-talks-len-horowitz,Expanded Consciousness,Sound Healing
Sound of Creation,series,/series/sound-of-creation,Expanded Consciousness,Sound Healing
A Quest for Ascension,videos,/video/a-quest-for-ascension,"Expanded Consciousness, Hidden History","Spiritual Alchemy, Esoterics"
Shakespeare Decoded,series,/series/shakespeare-decoded,"Expanded Consciousness, Hidden History","Spiritual Alchemy, Esoterics"
PHI: The Evolution of Consciousness,videos,/video/phi-evolution-consciousness,Expanded Consciousness,Universal Consciousness
The Primacy of Consciousness,videos,/video/the-primacy-of-consciousness,Expanded Consciousness,Universal Consciousness
Conscious States of Dying,videos,/video/conscious-states-dying,Expanded Consciousness,Universal Consciousness
Channeling: A Bridge to the Beyond,series,/series/channeling-a-bridge-to-the-beyond,"Expanded Consciousness, Supernatural","Universal Consciousness, Channeling"
Ervin Laszlo’s Legacy of a Coherent Universe,series,/series/ervin-laszlo-s-legacy-coherent-universe,Expanded Consciousness,Universal Consciousness
Renegade: The Life Story of David Icke,videos,/video/renegade-life-story-david-icke,"Expanded Consciousness, Coverups","Universe as a Hologram, Cabal"
The Missing Gods,videos,/video/missing-gods,Hidden History,Ancient Civilizations Decoded
A Race of Giants,videos,/video/race-giants,Hidden History,Ancient Civilizations Decoded
Templemaking,videos,/video/templemaking,Hidden History,Ancient Civilizations Decoded
Visiting Atlantis,videos,/video/visiting-atlantis,"Hidden History, Hidden History, Hidden History","Ancient Civilizations Decoded, Atlantis, Our Origins"
The Mysterious Origins of Man,videos,/video/mysterious-origins-man,"Hidden History, Hidden History","Ancient Civilizations Decoded, Our Origins"
The Other Land of the Gods: The Mysteries of Romania,videos,/video/other-land-gods-mysteries-romania,Hidden History,Ancient Civilizations Decoded
Mystery of the Sphinx,videos,/video/mystery-sphinx,"Hidden History, Hidden History","Ancient Civilizations Decoded, Ancient Egypt"
Ancient Civilizations,series,/series/ancient-civilizations,"Hidden History, Hidden History","Ancient Civilizations Decoded, Our Origins"
Disclosure,series,/series/disclosure,"Hidden History, Hidden History, Coverups, Coverups","Ancient Civilizations Decoded, Ancient Lost Technology, Disclosure, Secret Space Program"
Erich von Däniken: Beyond the Legend,series,/series/erich-von-daeniken-beyond-legend,"Hidden History, Hidden History, Unexplained","Ancient Civilizations Decoded, Our Origins, Extraterrestrials"
Quest for the Lost Civilization,series,/series/quest-lost-civilization,Hidden History,Ancient Civilizations Decoded
Ancient Advanced Technology,series,/series/ancient-advanced-technology,"Hidden History, Hidden History","Ancient Civilizations Decoded, Ancient Lost Technology"
The Gods were Astronauts,series,/series/die-goetter-waren-astronauten,"Hidden History, Hidden History, Hidden History, Hidden History, Unexplained","Ancient Civilizations Decoded, Ancient Lost Technology, Megaliths & Sacred Sites, Our Origins, Extraterrestrials"
In Search of the Lost Gods,series,/series/en-busca-de-los-dioses-perdidos,Hidden History,Ancient Civilizations Decoded
Giza: A New Theory with Armando Mei,videos,/video/giza-a-new-theory-with-armando-mei,Hidden History,Ancient Egypt
The Revelation of the Pyramids,videos,/video/revelation-pyramids,Hidden History,Ancient Egypt
The Light of Sion,videos,/video/light-sion,Hidden History,Ancient Lost Technology
The Judgment Day Device,videos,/video/judgment-day-device,Hidden History,Ancient Lost Technology
Stairways To Heaven,videos,/video/stairways-heaven,"Hidden History, Hidden History, Unexplained","Ancient Lost Technology, Megaliths & Sacred Sites, Crop Circles"
The Mysterious Stone Monuments of Markawasi Peru,videos,/video/mysterious-stone-monuments-markawasi-peru,Hidden History,Ancient Lost Technology
The Location of Paradise,videos,/video/location-paradise,"Hidden History, Hidden History","Ancient Lost Technology, Megaliths & Sacred Sites"
Earth Signs from Above,series,/series/earth-signs-above,Hidden History,Ancient Lost Technology
The Esoteric Agenda,videos,/video/esoteric-agenda,"Hidden History, Hidden History, Coverups, Coverups","Ancient Symbols, Esoterics, Cabal, Disclosure"
Kubrick's Odyssey I,videos,/video/kubricks-odyssey-i,Hidden History,Ancient Symbols
Secret Life of Symbols,series,/series/secret-life-symbols,"Hidden History, Hidden History","Ancient Symbols, Esoterics"
Secrets in Plain Sight: Volume 1,series,/series/secrets-plain-sight-volume-1,"Hidden History, Hidden History","Ancient Symbols, Megaliths & Sacred Sites"
Quantum Astrology,videos,/video/quantum-astrology,Hidden History,Esoterics
The Brazilian Templars Mystery,videos,/video/brazilian-templars-mystery,Hidden History,Esoterics
Mystery Teachings Special,series,/series/mystery-teachings-special,Hidden History,Esoterics
Ascension Keepers,series,/series/ascension-keepers,Hidden History,Esoterics
Wisdom Teachings,series,/series/wisdom-teachings-0,Hidden History,Esoterics
The Knights Templar,series,/series/knights-templar,Hidden History,Esoterics
Otherworld: Places of Initiation and Living Resurrection,videos,/video/otherworld-places-initiation-and-living-resurrection,Hidden History,Megaliths & Sacred Sites
Human Origins Summit Part 2,videos,/video/human-origins-summit-part-2,Hidden History,Our Origins
Hidden Origins,series,/series/hidden-origins,Hidden History,Our Origins
Astral City,videos,/video/astral-city-subtitles,Supernatural,Afterlife
Flipside: My Journey into the Afterlife,videos,/video/flipside-my-journey-afterlife,Supernatural,Afterlife
The Path: Afterlife,videos,/video/path-afterlife,Supernatural,Afterlife
Life After Life,videos,/video/life-after-life,Supernatural,Afterlife
The Near Death Experience of Jeffery Olsen,videos,/video/the-near-death-experience-of-jeffery-olsen,Supernatural,Afterlife
Infinity: The Ultimate Trip,videos,/video/infinity-ultimate-trip,Supernatural,Angels
Tuning In: Angels & Aliens,videos,/video/tuning-angels-aliens,"Supernatural, Supernatural","Angels, Channeling"
Angel Stories – Part 1,videos,/video/angel-stories-part-1,Supernatural,Angels
Stability and Balance,videos,/video/stability-and-balance,Supernatural,Chakras
Chakra Toning,videos,/video/chakra-toning,Supernatural,Chakras
Chakra Meditations with James Philip,series,/series/chakra-meditations-james-philip,Supernatural,Chakras
Kundalini Chakra Series,series,/series/kundalini-chakra-series,Supernatural,Chakras
Balancing the Chakras,series,/series/balancing-the-chakras,Supernatural,Chakras
Chakras with Ashley Turner,series,/series/chakras-ashley-turner,Supernatural,Chakras
First Contact,videos,/video/first-contact,Supernatural,Channeling
Backstage Pass to the Flipside: Talking to Bill Paxton,videos,/video/backstage-pass-flipside-talking-bill-paxton,Supernatural,Channeling
Tuning In Two,videos,/video/tuning-two,Supernatural,Channeling
Matías De Stefano: The Journey of Remembering,series,/series/matias-de-stefano-the-journey-of-remembering,Supernatural,Channeling
Interviews with Extra Dimensionals,series,/series/interviews-extra-dimensionals,Supernatural,Channeling
Aerial Phenomena,series,/series/aerial-phenomena,"Unexplained, Unexplained","Contact Experiences, UFOs & UAPs"
Crop Circles: Evidence of Intelligence,videos,/video/crop-circles-evidence-intelligence,Unexplained,Crop Circles
Crop Circles: Crossovers from Another Dimension?,videos,/video/crop-circles-crossovers-another-dimension,Unexplained,Crop Circles
A Unified Theory of the Paranormal,videos,/video/unified-theory-paranormal,"Unexplained, Unexplained","Cryptozoology, Paranormal"
Bigfoot's Reflection,videos,/video/bigfoots-reflection,Unexplained,Cryptozoology
Truth in the Myths of Giants,videos,/video/truth-myths-giants,Unexplained,Cryptozoology
Close Encounters of the Fifth Kind,videos,/video/close-encounters-of-the-fifth-kind-0,"Unexplained, Unexplained","Extraterrestrials, UFOs & UAPs"
Bob Lazar: Area 51 and Flying Saucers,videos,/video/bob-lazar-area-51-and-flying-saucers,"Unexplained, Unexplained","Extraterrestrials, UFOs & UAPs"
UFOs and Nukes: The Secret Link Revealed,videos,/video/ufos-and-nukes-secret-link-revealed,"Unexplained, Unexplained, Coverups","Extraterrestrials, UFOs & UAPs, Disclosure"
Cosmic Whistleblowers,videos,/video/cosmic-whistleblowers,"Unexplained, Unexplained, Coverups, Coverups","Extraterrestrials, UFOs & UAPs, Cabal, Disclosure"
Touched: The Extreme Experience Research of Dr. John Mack,videos,/video/touched-extreme-experience-research-dr-john-mack,Unexplained,Extraterrestrials
Cosmic Disclosure,series,/series/cosmic-disclosure,"Unexplained, Coverups, Coverups","Extraterrestrials, Disclosure, Secret Space Program"
The Arc of Time,series,/series/la-nave-del-tiempo,"Unexplained, Unexplained","Extraterrestrials, UFOs & UAPs"
Truth Hunter,series,/series/truth-hunter-0,"Unexplained, Coverups, Coverups","Extraterrestrials, Disclosure, Disclosure"
UFO: The Greatest Story Ever Denied – Part 1,videos,/video/ufo-greatest-story-ever-denied-part-1,"Unexplained, Coverups","UFOs & UAPs, Secret Space Program"
UFO Secret: The Friendship Case – The Extraordinary Story of Mass Alien Contact,videos,/video/ufo-secret-friendship-case-extraordinary-story-mass-alien-contact,Unexplained,UFOs & UAPs
UFO: The Greatest Story Ever Denied – Part 3: UFOs from Outer Space,videos,/video/ufo-greatest-story-ever-denied-part-3-ufos-outer-space,"Unexplained, Coverups","UFOs & UAPs, Secret Space Program"
The Enigma of Flying Spheres,videos,/video/enigma-flying-spheres,Unexplained,UFOs & UAPs
UFOs in South America,videos,/video/ufos-south-america,Unexplained,UFOs & UAPs
RODS,videos,/video/rods,Unexplained,UFOs & UAPs
The Silent Revolution of Truth: UFOs and Prophecies from Outer Space,videos,/video/silent-revolution-truth-ufos-and-prophecies-outer-space,Unexplained,UFOs & UAPs
UFOs: The Secret History,videos,/video/ufos-secret-history,Unexplained,UFOs & UAPs
Disclosure With Dr. Steven Greer,series,/series/disclosure-with-dr-steven-greer,"Unexplained, Coverups","UFOs & UAPs, Disclosure"
Awakening Conference,series,/series/awakening-conference,"Unexplained, Coverups","UFOs & UAPs, Secret Space Program"
Fluoride: A Friend Who Wants to Harm You,videos,/video/fluoride-friend-who-wants-harm-you,Coverups,Big Pharma
Root Cause,videos,/video/root-cause,Coverups,Big Pharma
Resistance,videos,/video/resistance,Coverups,Big Pharma
Feed Your Head,videos,/video/feed-your-head,Coverups,Big Pharma
Poisoned Lives: Secrets of the Chemical Industry,videos,/video/poisoned-lives-secrets-chemical-industry,Coverups,Big Pharma
Evidence Of Harm,videos,/video/evidence-harm,Coverups,Big Pharma
Evidence Of Harm Bonuses,series,/series/evidence-harm-bonuses,Coverups,Big Pharma
David Icke Dot Connector,series,/series/david-icke-dot-connector,"Coverups, Coverups","Cabal, Disclosure"
Sirius,videos,/video/sirius,Coverups,Disclosure
Zeitgeist: The Movie,videos,/video/zeitgeist-movie,Coverups,Disclosure
The Secret: Evidence that We Are Not Alone in the Universe,videos,/video/secret-evidence-we-are-not-alone-universe,Coverups,Disclosure
Deep Space,series,/series/deep-space,"Coverups, Coverups","Disclosure, Secret Space Program"
Bilderberg: The Movie,videos,/video/bilderberg-movie,Coverups,Financial System
Kymatica,videos,/video/kymatica,Coverups,Financial System
UFO: The Greatest Story Ever Denied – Part 2: Moon Rising,videos,/video/ufo-greatest-story-ever-denied-part-2-moon-rising,Coverups,Secret Space Program
Artificial Immortality,videos,/video/artificial-immortality,Coverups,Transhumanism
Do You Trust This Computer?,videos,/video/do-you-trust-computer,Coverups,Transhumanism
